ISO3,Country,Continent,Hemisphere,Human Development Groups,UNDP Developing Regions,HDI Rank (2021),Expected Years of Schooling (1990),Expected Years of Schooling (1991),Expected Years of Schooling (1992),Expected Years of Schooling (1993),Expected Years of Schooling (1994),Expected Years of Schooling (1995),Expected Years of Schooling (1996),Expected Years of Schooling (1997),Expected Years of Schooling (1998),Expected Years of Schooling (1999),Expected Years of Schooling (2000),Expected Years of Schooling (2001),Expected Years of Schooling (2002),Expected Years of Schooling (2003),Expected Years of Schooling (2004),Expected Years of Schooling (2005),Expected Years of Schooling (2006),Expected Years of Schooling (2007),Expected Years of Schooling (2008),Expected Years of Schooling (2009),Expected Years of Schooling (2010),Expected Years of Schooling (2011),Expected Years of Schooling (2012),Expected Years of Schooling (2013),Expected Years of Schooling (2014),Expected Years of Schooling (2015),Expected Years of Schooling (2016),Expected Years of Schooling (2017),Expected Years of Schooling (2018),Expected Years of Schooling (2019),Expected Years of Schooling (2020),Expected Years of Schooling (2021)
AFG,Afghanistan,Asia,Northern Hemisphere,Low,SA,180,2.504050016,2.806550026,3.109050035,3.411550045,3.714050055,4.016550064,4.319050074,4.621550083,4.924050093,5.226550102,5.529050112,5.831550121,6.134050131,6.43655014,7.39387989,7.660417938,7.926955986,8.193494034,8.460032082,8.726570129,9.002689838,9.278809547,9.57732296,9.875836372,10.17434978,10.18014979,10.1859498,10.19174981,10.19754982,10.26384398,10.26384398,10.26384398
AGO,Angola,Africa,Southern Hemisphere,Medium,SSA,148,3.537480116,3.324830055,3.30208993,3.38586994,3.469649951,3.553429961,3.637209972,3.720989982,3.804769993,4.207225839,4.609681686,5.012137532,5.414593379,5.817049225,6.219505072,6.621960918,7.024416765,7.426872611,7.829328458,8.231784304,8.63424015,9.560079575,10.0825,10.6049,11.1273,11.6497,12.17209,12.1721,12.1721,12.1721,12.1721,12.1721
ALB,Albania,Europe,Northern Hemisphere,High,ECA,67,11.60293007,11.76358032,10.66378021,10.12650013,10.09115028,10.16617012,10.22844982,10.50508022,10.66944027,10.68494034,10.5894804,10.6844101,10.70151997,10.90470982,10.88479042,11.41928005,11.58205032,11.96422958,12.12487984,12.26375961,12.99997044,13.74845028,14.58664989,14.92564011,15.25242043,15.07629967,14.80459976,14.81612968,14.69561958,14.81892014,14.44799995,14.44799995
AND,Andorra,Europe,Northern Hemisphere,Very High,,40,10.79878,10.79878,10.79878,10.79878,10.79878,10.79878,10.79878,10.79878,10.79878,10.79878,10.79878,10.79878,11.03658,10.94253,10.79199,10.82593,11.18277,11.18277,11.67192,11.67192,11.67192,11.67192,13.52401627,13.13884093,13.495076,13.14028012,13.30023874,13.04647577,13.30023874,13.30023874,13.30023874,13.30023874
ARE,United Arab Emirates,Asia,Northern Hemisphere,Very High,AS,26,10.47455978,10.8223896,10.65937996,10.68766022,10.80651457,10.92536893,11.04422329,11.16307764,11.281932,11.40078636,11.51964072,11.63849507,11.75734943,11.87620379,11.99505814,12.1139125,12.23276686,12.35162121,12.47047557,12.58932993,12.70818428,12.82703864,12.945893,13.06474735,13.18360171,13.30245607,13.42131042,14.3441,15.01912022,15.69414043,15.71769047,15.71769047
ARG,Argentina,America,Southern Hemisphere,Very High,LAC,47,13.28104085,13.23573971,13.19059308,13.14544646,13.10029984,13.30911493,13.51793003,13.72674513,13.93556023,14.99421978,15.53582954,16.16996002,16.27959061,16.17555046,16.22596931,15.96780968,16.15229034,16.17280006,16.34155083,16.67384911,16.96805,17.17383003,17.10737038,17.09185028,17.27013969,17.40954971,17.66885948,17.6541996,17.65617943,17.8748703,17.8748703,17.8748703
ARM,Armenia,Asia,Northern Hemisphere,High,ECA,85,10.92731277,10.84545994,10.76422024,10.92055035,10.6141901,10.39615488,10.17811966,10.53719044,11.18412018,11.37172985,11.18803978,10.92090988,10.95648988,10.99206988,11.02764988,11.38527966,11.92465019,12.61629009,12.41084957,12.95680046,13.08648968,13.12232971,13.116395,13.11046028,13.10354042,12.96794987,13.00150331,13.03505675,13.06861019,13.10608959,13.11676025,13.11676025
ATG,Antigua and Barbuda,America,Northern Hemisphere,High,LAC,71,,,,,,,,,,,,,,,,,,15.36161995,15.19822979,15.03483963,14.98256016,14.69311047,14.85750008,14.75945549,14.66205789,14.56530302,14.46918664,14.37370453,14.27885251,14.18462641,14.18462641,14.18462641
AUS,Australia,Oceania,Southern Hemisphere,Very High,,5,17.5350793,17.50559003,17.47615035,17.44676018,17.41741943,18.93136978,19.49362946,20.30772972,20.46224033,20.61675093,20.77126153,20.92577214,21.08028274,21.23479335,21.38930395,21.54381455,21.69832516,21.85283576,22.00734637,22.16185697,22.31636757,22.47087818,22.62538878,22.77989939,22.93440999,23.08892059,22.74729919,21.95433044,20.5092392,21.57801056,21.05459023,21.05459023
AUT,Austria,Europe,Northern Hemisphere,Very High,,25,13.93255997,14.12351036,14.42138958,14.62442017,14.75572014,14.87022972,14.92243004,15.00123024,15.13568974,15.19770643,15.25972313,15.32173983,15.38375653,15.44577323,15.50778993,15.56980663,15.63182333,15.69384003,15.77005959,15.75800037,15.99388981,16.0272007,16.08506012,15.84848976,15.85573006,15.95141029,16.08119011,16.09206963,16.06674957,16.00795937,16.00795937,16.00795937
AZE,Azerbaijan,Asia,Northern Hemisphere,High,ECA,91,11.0690403,11.00049019,11.03785992,10.8030901,10.44034004,10.23556995,9.938559532,9.844639778,10.009656,10.17467222,10.33968844,10.50470466,10.66972088,10.8347371,10.99975332,11.16476954,11.32978576,11.49480198,11.6598182,11.82483441,11.98985063,12.15486685,12.31988307,12.48489929,12.64991551,12.81493173,12.97994795,13.14496417,13.30998039,13.47167015,13.49689007,13.49689007
BDI,Burundi,Africa,Southern Hemisphere,Low,SSA,187,4.517509937,4.67140007,4.496829987,4.789209843,4.751546085,4.713882327,4.676218569,4.638554811,4.600891054,4.563227296,4.525563538,4.48789978,4.851799965,5.294945002,5.738090038,6.056119919,7.438610077,8.134220123,8.883244991,9.632269859,10.24674988,10.53827477,10.82979965,11.06155014,11.37755013,11.52795982,11.48011017,10.93010998,10.77536964,10.72272189,10.72272189,10.72272189
BEL,Belgium,Europe,Northern Hemisphere,Very High,,13,14.03106022,14.07164955,15.30761433,16.5435791,16.8515892,17.26285934,17.59056091,17.63903745,17.68751399,17.73599052,17.92453957,18.38311005,18.42923927,18.61226082,18.3640995,18.71475983,18.94267082,18.96904945,18.99139023,19.01243019,19.07272911,19.12809944,19.22763062,19.41551018,19.69639015,19.76292038,19.69990921,19.77437973,19.5610199,19.60421944,19.60421944,19.60421944
BEN,Benin,Africa,Northern Hemisphere,Low,SSA,166,5.29268,5.412683333,5.532686667,5.65269,5.772693333,5.892696667,6.0127,6.132703333,6.252706667,6.460440159,6.7301898,7.39605999,7.881559849,8.28660965,8.676859856,9.071244104,9.465628351,9.860012599,10.25439685,10.6487811,11.04316534,11.43754959,11.99856472,12.55957985,12.56748962,12.80451012,12.61454964,12.15258217,11.6906147,11.22864723,10.76667976,10.76667976
BFA,Burkina Faso,Africa,Northern Hemisphere,Low,SSA,184,2.471770048,2.591730118,2.666199923,2.766360044,2.889139891,2.999229908,3.109319925,3.219409943,3.32949996,3.439589977,3.519029975,3.598469973,3.756090045,3.913710117,4.284245014,4.654779911,4.932059765,5.392109871,5.865530014,6.287809849,6.710559845,7.163340092,7.472980022,7.72631979,7.867080212,8.258930206,8.525589943,8.906479836,9.273730278,9.262040138,9.142100334,9.142100334
BGD,Bangladesh,Asia,Northern Hemisphere,Medium,SA,129,5.832300186,6.022955513,6.21361084,6.404266167,6.594921494,6.78557682,6.976232147,7.166887474,7.357542801,7.548198128,7.738853455,7.929508781,8.120164108,8.310819435,8.501474762,8.692130089,8.817440033,8.862529755,8.651410103,9.224510193,9.52120769,9.817905188,10.11460268,10.41130018,10.70799768,11.00469518,11.30139267,11.59809017,12.03569031,12.23883533,12.44198036,12.44198036
BGR,Bulgaria,Europe,Northern Hemisphere,High,,68,12.01097965,12.13146019,11.96708965,11.87059021,11.80574036,12.14505005,12.5900898,12.69814014,12.78738976,12.90668011,12.89188957,12.89208031,12.82250977,13.21469975,13.40837955,13.50434017,13.61937046,13.98136044,14.07046986,14.16950035,14.42580032,14.4906702,14.52600956,14.90898991,15.08736992,14.94668007,14.64490986,14.41442013,14.19587994,13.89729023,13.89729023,13.89729023
BHR,Bahrain,Asia,Northern Hemisphere,Very High,AS,35,13.88512287,13.60251045,13.32565022,13.58314037,13.5984602,13.69696045,13.61559963,13.49435965,13.37311967,13.25187969,13.32763982,13.40339994,13.47916007,13.5549202,13.31849527,13.08207035,13.21131992,13.28608189,13.36084385,13.43560581,13.51036777,13.58512974,13.35527039,13.5202198,13.6883297,15.99201965,16.34917068,16.41513062,16.25481987,16.29755974,16.29755974,16.29755974
BHS,Bahamas,America,Northern Hemisphere,Very High,LAC,55,,,,,,11.72089958,11.78610417,11.85726833,11.9284325,11.99959667,12.07076083,12.141925,12.21308917,12.28425333,12.3554175,12.42658167,12.49774583,12.3839979,12.3489141,12.40812859,12.46734308,12.52655756,12.58577205,12.64498654,12.70420103,12.76341551,12.82263,12.82263,12.82263,12.89945,12.89945,12.89945
BIH,Bosnia and Herzegovina,Europe,Northern Hemisphere,High,ECA,74,,,,,,,,,,,11.64,11.852,12.064,12.276,12.488,12.7,12.9,13.1,13.3,13.3,13.4,13.86986,14.17568,14.09806667,14.02045333,13.94284,13.86522667,13.78761333,13.78761333,13.8,13.8,13.8
BLR,Belarus,Europe,Northern Hemisphere,Very High,ECA,60,12.98762035,12.82841015,12.56779957,12.5387001,12.49347019,12.56346989,12.90583038,12.96228027,12.89881039,13.15797338,13.41713638,13.67629938,13.93546238,14.19462538,14.45378838,14.71295137,14.97211437,15.23127737,15.49044037,15.57968044,15.59533978,15.72727013,15.84352016,15.72134018,15.62298012,15.56527996,15.58063984,15.58522987,15.40478992,15.23906994,15.16996956,15.16996956
BLZ,Belize,America,Northern Hemisphere,Medium,LAC,123,9.961448904,10.12103037,10.28316832,10.44790371,10.61527814,10.78533389,10.95811392,11.13366187,11.31202208,11.49323961,11.67736022,11.86443043,12.20408535,12.54374027,12.84521008,12.30352974,12.81752968,12.76706982,12.70681953,12.44060993,12.43103027,12.50613976,12.90536976,12.75833035,12.74405003,12.79226017,13.43655014,13.11357975,13.14904976,13.14089012,12.99168968,12.99168968
BOL,Bolivia,America,Southern Hemisphere,Medium,LAC,118,11.58170251,11.93004266,12.28885977,12.65846893,13.03919474,13.64727287,14.25535101,14.86342914,15.47150728,15.09439366,14.71728005,14.34016643,13.96305281,13.58593919,13.20882558,13.93571091,13.92763519,14.26336479,14.31380558,14.28142166,14.24979448,14.2181673,14.38624668,14.57401371,14.04903984,13.97757244,14.49550819,14.90059471,15.01584721,14.94697094,14.94697094,14.94697094
BRA,Brazil,America,Southern Hemisphere,High,LAC,87,12.10387,12.32611417,12.54835833,12.7706025,12.99284667,13.21509083,13.437335,13.65957917,13.88182333,14.1040675,14.32631167,14.54855583,14.77079964,14.01426983,13.85000992,13.77737045,13.54003525,13.30270004,13.80420971,13.78225994,13.85643482,13.9306097,13.93663025,15.29059029,15.41777039,15.36513042,15.45316982,15.48515987,15.70306015,15.59906006,15.59906006,15.59906006
BRB,Barbados,America,Northern Hemisphere,High,LAC,70,12.77293015,12.909299,13.04566786,13.18203672,13.31840558,13.45477443,13.59114329,13.72751215,13.86388101,14.00024986,14.03750992,13.9832201,14.1938084,14.40439669,14.61498499,14.82557329,15.03616158,15.24674988,15.53966475,15.83257961,15.47286034,15.28594971,15.33873663,15.39170584,15.44485797,15.49819365,15.55171351,15.6054182,15.65930834,15.71338458,15.71338458,15.71338458
BRN,Brunei,Asia,Northern Hemisphere,Very High,EAP,51,11.82485347,12.03989128,12.25883961,12.48176956,12.60186005,12.67656755,12.75127506,12.82598257,12.90069008,13.21045017,13.18352985,13.11894035,13.22542953,13.52630997,13.89377975,14.09928989,14.14715958,14.03194046,13.96432018,14.11898994,14.07944012,14.34918022,14.91536999,14.93539047,14.87514973,14.62773037,14.59230995,14.46683025,14.3050499,14.06389046,13.95178032,13.95178032
BTN,Bhutan,Asia,Northern Hemisphere,Medium,SA,127,4.638173857,4.862608903,5.097904062,5.34458484,5.603202172,5.874333651,6.158584821,6.456590526,6.76901633,7.096560001,7.474788268,7.853016535,8.231244802,8.60947307,8.987701337,9.365929604,9.828700066,10.22360992,10.6266098,11.19859982,11.67940998,12.15114021,12.54778004,12.50473022,12.62421227,12.74369431,12.86317635,12.98265839,13.10214043,13.22500478,13.22500478,13.22500478
BWA,Botswana,Africa,Southern Hemisphere,Medium,SSA,117,10.8159417,10.85219002,10.88855982,10.92492962,10.89109039,11.34827995,11.57822005,11.80816015,12.03810024,12.43167019,12.59014034,12.64445019,12.43245029,12.49789047,12.48451996,12.47957039,12.61843014,12.53254986,12.42366028,12.40916486,12.39468636,12.38022475,12.36578001,12.35135213,12.33694108,12.32254684,12.3081694,12.29380874,12.27946483,12.26513765,12.26513765,12.26513765
CAF,Central African Republic,Africa,Northern Hemisphere,Low,SSA,188,5.387440205,5.059050083,4.283880234,4.408046105,4.532211977,4.656377848,4.78054372,4.904709592,5.028875463,5.153041335,5.277207206,5.401373078,5.525538949,5.649704821,5.773870693,5.898036564,6.022202436,6.146368307,6.270534179,6.39470005,6.62659502,6.85848999,6.847280025,7.006191114,7.168790198,7.335162868,7.5053967,7.679581304,7.85780837,8.040171714,8.040171714,8.040171714
CAN,Canada,America,Northern Hemisphere,Very High,,15,16.76796913,17.12656021,17.26371956,16.8500309,16.95997047,16.94639015,16.95886993,16.51167965,16.06448936,15.96514988,15.88033962,15.78278392,15.68522821,15.58767251,15.4901168,15.3925611,15.29500539,15.19744968,15.17990971,15.23289013,15.12164974,15.23602962,15.65993023,15.73849964,15.80449009,15.89140034,16.00966072,16.15789032,16.22464943,16.39625931,16.39625931,16.39625931
CHE,Switzerland,Europe,Northern Hemisphere,Very High,,1,13.42648029,13.62067032,13.77219009,14.13531971,14.27805996,14.43200016,14.57855034,14.80767012,15.03678989,15.11299992,15.21967983,15.23707962,15.02394962,15.16263962,15.26268959,15.26478958,15.32474995,15.35081959,15.38848019,15.45699978,15.62874985,15.73497963,15.81684017,15.98027039,16.08714008,16.19400978,16.24938011,16.32843971,16.41327095,16.50029945,16.50029945,16.50029945
CHL,Chile,America,Southern Hemisphere,Very High,LAC,42,12.75809093,12.73246956,12.70689964,11.70440006,11.86658802,12.02877598,12.19096394,12.35315189,12.51533985,12.97222042,13.15431976,13.3077898,13.46125984,13.67539024,14.01912975,14.36555004,14.32129955,14.72467041,14.87129974,14.87985039,15.10027027,15.32625008,15.43756962,16.1086998,16.24946976,16.36503983,16.41803932,16.44754982,16.58595085,16.73130035,16.73130035,16.73130035
CHN,China,Asia,Northern Hemisphere,High,EAP,79,8.630220413,8.670319557,8.771459579,8.812950134,8.806750298,8.94740963,9.08220005,9.119890213,9.309840202,9.499790192,9.689740181,9.87969017,10.1829422,10.48619423,10.78944626,11.09269829,11.39595032,11.72490025,11.99339962,12.2343502,12.42572021,12.63595018,12.84618015,13.05641012,13.26664009,13.47687006,13.68710003,13.89733,14.03231,14.2361149,14.2361149,14.2361149
CIV,Ivory Coast,Africa,Northern Hemisphere,Medium,SSA,159,5.553355463,5.65919955,5.767060971,5.876978174,5.988990343,6.103137406,6.219460053,6.337999749,6.458798751,6.58190012,6.712220764,6.842541409,6.972862053,7.103182697,7.233503342,7.363823986,7.49414463,7.624465275,7.754785919,7.885106564,8.015427208,8.145747852,8.276068497,8.406389141,8.536709785,8.892459869,9.4792099,9.954739571,10.21954966,10.48435974,10.67558002,10.67558002
CMR,Cameroon,Africa,Northern Hemisphere,Medium,SSA,151,8.152429581,8.102689743,7.971072257,7.83945477,7.707837284,7.576219797,7.444602311,7.312984824,7.181367338,7.049749851,7.280370235,8.555069923,8.284290314,8.423390388,8.461409569,8.420700073,8.196840286,8.967740059,9.401260376,9.870570183,10.23908997,10.60760975,11.20685005,11.52208519,11.83732033,12.15102959,12.10426044,12.43018527,12.76488609,13.10859922,13.10859922,13.10859922
COD,The Democratic Republic of the Congo,Africa,Northern Hemisphere,Low,SSA,179,6.211513732,6.308457341,6.406913956,6.506907191,6.608461029,6.711599827,6.819668969,6.92773811,7.035807252,7.143876394,7.251945535,7.360014677,7.468083819,7.57615296,7.684222102,7.792291244,7.900360386,8.008429527,8.737790108,8.856789589,9.199039936,9.541290283,9.336259842,9.60517025,9.640296569,9.675551346,9.71093505,9.746448153,9.782091129,9.817864451,9.817864451,9.817864451
COG,Congo,Africa,Southern Hemisphere,Medium,SSA,153,11.00813007,10.81482029,10.72931957,10.57212658,10.41493359,10.25774059,10.1005476,9.943354607,9.786161613,9.62896862,9.471775627,9.314582634,9.157389641,8.909790039,9.112368902,9.314947764,9.517526627,9.720105489,9.922684352,10.12526321,10.32784208,10.53042094,10.7329998,10.94790996,11.16712334,11.39072609,11.6188061,11.85145304,12.08875833,12.33081527,12.33081527,12.33081527
COL,Colombia,America,Northern Hemisphere,High,LAC,88,8.941541632,9.490810394,10.07382011,10.25879955,10.38840008,10.45281029,11.00516987,11.36605501,11.72694016,11.66399956,11.65308952,11.65300989,11.65293026,11.9110651,12.16919994,12.69102955,13.0490799,13.31727028,13.51774025,13.94388962,13.9293499,14.02896976,13.75541973,14.28950977,14.22657967,14.29211044,14.41985989,14.40923977,14.39857006,14.51506042,14.44274998,14.44274998
COM,Comoros,Africa,Southern Hemisphere,Medium,SSA,156,8.155587341,8.171094053,8.186630249,8.202195985,8.217761721,8.233327457,8.248893193,8.264458929,8.280024665,8.295590401,8.631580353,8.967570305,9.303560257,9.639550209,9.800420189,9.961290169,10.12216015,10.28303013,10.44390011,10.60477009,10.76564007,10.92651005,11.08738003,11.24825001,11.24470043,11.37745339,11.51177361,11.64767958,11.78519004,11.92432393,11.92432393,11.92432393
CPV,Cabo Verde,Africa,Northern Hemisphere,Medium,SSA,128,,,,,,,,,,,11.53789997,11.26502991,11.5943203,11.52488995,11.41362,11.57098007,12.32139015,12.34261036,12.57143021,12.60636997,12.7974596,13.01834011,13.03555012,13.48058033,13.40017033,13.14307022,13.04734993,12.95409966,12.70419979,12.55461444,12.55461444,12.55461444
CRI,Costa Rica,America,Northern Hemisphere,Very High,LAC,58,9.794050217,10.03783989,10.30109024,10.45274687,10.6044035,10.75606012,10.90771675,11.05937338,11.21103001,11.36268663,11.51434326,11.66599989,11.81765652,11.96931314,12.12096977,12.43371119,12.7464526,13.05919402,13.37193544,13.68467685,13.99741827,14.31015968,14.50245953,14.7502203,15.11124039,15.23608017,15.4200201,15.66736984,15.8667202,16.54577065,16.54577065,16.54577065
CUB,Cuba,America,Northern Hemisphere,High,LAC,83,12.21516037,12.10655022,11.98618984,11.89202023,11.36503983,11.2565403,11.73295975,11.72490025,11.90639019,12.08788013,12.33483982,12.61674976,12.97049046,13.38177967,14.37172985,14.8412199,16.11899948,17.01877975,17.48694992,17.29541969,16.34538078,15.64000034,14.70438957,13.97082043,13.96555996,13.76951981,13.81694984,14.09766006,14.2809,14.4114399,14.44305992,14.44305992
CYP,Cyprus,Asia,Northern Hemisphere,Very High,,29,9.226169586,9.344320297,9.331640244,12.35991001,12.39344978,12.51867962,12.58349037,12.63119984,12.57108974,12.51097965,12.40380001,12.50660992,12.95118046,13.37049961,13.49674988,13.44655037,13.53201962,13.71588993,14.06836987,14.57304001,13.84634018,13.79706001,13.78989029,14.0009203,14.25613022,14.57015038,14.74003983,15.16886997,15.35606003,15.64826965,15.64826965,15.64826965
CZE,Czechia,Europe,Northern Hemisphere,Very High,,32,11.83512974,11.82269955,11.63922977,11.86242008,12.39513016,12.72935963,13.08154011,13.27126026,13.13521957,13.20551014,13.87837982,14.32462025,14.57211971,14.83358955,14.60776043,14.84366035,15.00053978,15.29292965,15.46100044,15.83553982,16.01416016,16.07696915,16.07591057,16.61016083,16.74843979,16.8604393,16.83116913,16.78511047,16.23899078,16.21968079,16.21968079,16.21968079
DEU,Germany,Europe,Northern Hemisphere,Very High,,9,14.56072642,14.68710995,14.81459045,15.50872993,15.65505028,15.7678299,15.85593033,15.93840981,15.9880929,16.03777599,16.08745909,16.13714218,16.18682528,16.23650837,16.28619146,16.33587456,16.38555765,16.43524075,16.48492384,16.53460693,16.58429003,16.63397312,16.68365622,16.73333931,16.73534012,16.78933907,16.87524033,16.97719002,16.93209076,17.01013947,17.01013947,17.01013947
DJI,Djibouti,Africa,Northern Hemisphere,Low,AS,171,2.601186608,2.692800045,2.787640095,2.571929932,2.739470005,2.829485059,2.919500113,2.99657011,3.009010077,3.021450043,2.971889973,3.385519981,3.548860073,3.808030128,4.067200184,4.357200146,4.50620985,4.972390175,5.337150097,5.583350182,6.019780159,6.456210136,6.530976109,6.605742082,6.680508055,6.755274027,6.83004,6.83112,7.13947,7.43298,7.43298,7.43298
DMA,Dominica,America,Northern Hemisphere,High,LAC,102,,,,,,,,,,,12.72753188,12.75800689,12.78855487,12.819176,12.84987045,12.88063839,12.91148,12.94752,12.98356,13.0196,13.05564,13.06678,13.09806731,13.12942954,13.16086686,13.19237946,13.22396751,13.2556312,13.2873707,13.3191862,13.3191862,13.3191862
DNK,Denmark,Europe,Northern Hemisphere,Very High,,6,14.06153965,14.20090961,14.27690983,14.59694004,14.92171955,15.12403965,15.37061024,15.55623531,15.74186039,16.44960976,16.23390961,16.58344078,16.31981087,16.47481537,16.62981987,16.87528038,16.72458076,16.81782913,16.75205994,16.79486084,16.94296074,18.41773033,18.6777401,19.14090919,19.13853073,19.23700905,19.06605911,18.89341927,18.79369926,18.71479988,18.71479988,18.71479988
DOM,Dominican Republic,America,Northern Hemisphere,High,LAC,80,9.143647877,9.316756071,9.493141561,9.672866393,9.855993789,10.04258817,10.23271516,10.42644165,10.62383579,10.82496701,11.02990605,11.24678139,11.46365672,11.68053205,11.89740739,12.11428272,12.33115805,12.54803338,12.76490872,12.98178405,13.19865938,13.41553472,13.63241005,13.69433022,13.75625038,14.0928297,14.14081955,14.22251987,14.34401997,14.46655802,14.46655802,14.46655802
DZA,Algeria,Africa,Northern Hemisphere,High,AS,91,9.658769608,9.710650444,9.820469856,9.840649605,9.914270401,9.901869774,10.05828953,10.30550639,10.55272325,10.79994011,10.99380493,11.18766975,11.52264977,11.74497032,12.05364037,12.26202011,12.34442043,12.57499981,13.06785488,13.56070995,13.99880028,14.33228016,14.33228016,14.33228016,14.3813828,14.43048545,14.47958809,14.52869073,14.57779338,14.62689602,14.62689602,14.62689602
ECU,Ecuador,America,Southern Hemisphere,High,LAC,95,11.82929039,11.66971016,11.8294235,11.98913683,12.14885017,12.3085635,12.46827684,12.62799018,12.78770351,12.94741685,13.10713019,13.26684352,13.42655686,13.5862702,13.74598353,13.90569687,14.06541021,14.22512354,14.38483688,14.54455021,14.70426355,14.86397689,15.02369022,14.91156006,15.05500507,15.19845009,15.07669004,14.95492999,14.83316994,14.62423038,14.62423038,14.62423038
EGY,Egypt,Africa,Northern Hemisphere,High,AS,97,9.697939873,9.745200157,9.912141442,10.07908273,10.24602401,10.4129653,10.57990658,10.74684787,10.91378915,11.08073044,11.18654537,11.29236031,11.3446703,11.19305038,11.2580204,11.35194836,11.44587631,11.53980427,11.63373222,11.72766018,11.9167099,11.98482037,12.4344101,12.73591995,12.73727036,12.93128538,13.12530041,13.32623959,13.60529995,13.78649972,13.78649972,13.78649972
ERI,Eritrea,Africa,Northern Hemisphere,Low,SSA,176,,,,,,5.223760128,5.232279778,5.449133237,5.665986697,5.882840157,6.498770237,6.518129826,6.973889828,7.525204897,8.076519966,8.091277885,8.106035805,8.120793724,8.135551643,8.150309563,8.03085041,8.20396781,8.377085209,8.550202608,8.723320007,8.03470993,8.042153255,8.049603476,8.057060598,8.064524628,8.064524628,8.064524628
ESP,Spain,Europe,Northern Hemisphere,Very High,,27,14.0401001,14.29535961,14.53036976,15.0120697,15.33172035,15.49759007,15.68964958,15.67298031,15.62370968,15.65079975,15.70853996,15.67422962,15.60286045,15.61771965,15.74748039,15.86876011,15.94079971,15.91744041,15.95044994,15.99135971,16.33000946,16.62454033,16.95605087,17.17250061,17.29005051,17.47447014,17.54027939,17.61613083,17.75741005,17.91690063,17.91690063,17.91690063
EST,Estonia,Europe,Northern Hemisphere,Very High,,31,13.13125992,12.87829018,12.83745956,12.39554024,12.58990955,12.90907955,13.30634022,13.73643017,14.16652012,14.40664959,14.98546982,15.42988968,15.63121033,15.71774006,15.87446976,16.12035942,16.06500053,16.1149292,16.10434914,16.18021965,16.39779091,16.50271988,16.50991058,16.42387962,16.21989059,16.11494064,16.06361961,15.9211998,15.91049004,15.92895985,15.92895985,15.92895985
ETH,Ethiopia,Africa,Northern Hemisphere,Low,SSA,175,2.947940876,2.770580053,2.603890022,2.43719999,2.270509958,2.502729893,2.884079933,3.232833306,3.581586679,3.930340052,4.308070183,4.871180058,5.240459919,5.439129829,5.791399956,6.612790108,7.119570096,7.626350085,8.133130074,8.126139641,8.187279701,8.333000183,8.405830383,8.573365192,8.744239102,8.918518663,9.096271752,9.277567601,9.462476818,9.651071421,9.651071421,9.651071421
FIN,Finland,Europe,Northern Hemisphere,Very High,,11,14.99647045,15.21839046,15.76556015,15.87520027,16.21611977,16.3091507,16.52115059,16.72907066,17.03973007,17.27614021,17.7011795,17.99418068,18.06677055,18.25947952,17.03296089,17.14310074,17.13279915,17.08893013,17.04219055,16.81093979,16.93851089,17.05632019,17.06842041,19.30257034,19.26124001,19.31862068,19.31543922,19.39711952,19.47599983,19.05192947,19.05192947,19.05192947
FJI,Fiji,Oceania,Southern Hemisphere,High,EAP,99,12.40322751,12.48120975,12.55968229,12.63815482,12.71662736,12.79509989,12.87357243,12.95204496,13.0305175,13.10899003,13.18746257,13.2659351,13.34440764,13.42288017,13.91590977,13.96721478,14.0185198,14.06982481,14.12112983,14.17243484,14.22373985,14.27504487,14.32634988,14.3776549,14.42895991,14.48026493,14.53156994,14.58287496,14.63417997,14.68548499,14.73679,14.73679
FRA,France,Europe,Northern Hemisphere,Very High,,28,14.08889008,14.47624969,14.69744968,14.79576015,15.58909988,15.70378017,15.79720974,15.76473045,15.69322014,15.03709984,14.93727016,14.8516798,14.62263966,14.66084003,14.63309956,15.19083023,15.16401005,15.09527016,15.05335999,15.02523994,15.13387966,15.19116974,15.26072025,15.41289043,15.44229031,15.42269993,15.52842999,15.64560032,15.74300957,15.81206989,15.81206989,15.81206989
FSM,Micronesia,Oceania,Northern Hemisphere,Medium,EAP,134,,,,,,,,,,,10.05416,10.216853,10.379546,10.542239,10.704932,10.867625,11.030318,11.193011,11.355704,11.1116645,11.17267438,11.20826347,11.21207659,11.17616973,11.19229604,11.084,11.25026,11.4190139,11.54947988,11.54947988,11.54947988,11.54947988
GAB,Gabon,Africa,Southern Hemisphere,High,SSA,112,11.83213,11.87458,11.91703,11.95948,12.00193,12.04438,12.08683,12.12928,12.17173,12.15069008,12.16875505,12.18682003,12.31002111,12.33315222,12.35628333,12.37941444,12.40254556,12.42567667,12.44880778,12.47193889,12.49507,12.51824401,12.541461,12.56472105,12.62691579,12.68911053,12.75130526,12.8135,12.9,12.97731,12.97731,12.97731
GBR,United Kingdom,Europe,Northern Hemisphere,Very High,,18,13.6549902,13.92667007,14.27546978,14.48675315,14.69803651,14.90931988,15.12060324,15.33188661,15.54316998,15.8917799,16.09623909,16.1175499,16.10576057,16.08025932,16.5434494,16.62688065,16.06059074,15.86334991,15.9672699,16.11256027,16.36290932,15.72978973,15.67329979,17.6342907,17.48591042,17.32865906,17.41354465,17.49843025,17.24805069,17.30971909,17.30971909,17.30971909
GEO,Georgia,Asia,Northern Hemisphere,Very High,ECA,63,12.79429197,12.4276104,12.07143784,11.71526527,11.35909271,11.00292015,11.24497986,11.86952019,12.28580523,12.70209026,13.19787979,13.37042046,13.54679012,13.68500042,13.67243958,13.7594099,13.3165102,13.69944,13.14264011,13.50502968,13.63837981,13.77172995,13.90508008,14.03843021,14.21273994,14.46463966,14.68717003,15.02781963,15.2750597,15.6153698,15.56851959,15.56851959
GHA,Ghana,Africa,Northern Hemisphere,Medium,SSA,133,6.751592319,6.826328267,6.901891496,6.978291163,7.055536528,7.13363695,7.212601896,7.292440935,7.373163743,7.454780102,7.744860172,7.333590031,7.619709969,7.4646101,7.844389915,8.44274044,8.819199562,9.453829765,10.03230953,10.13710022,10.50872993,10.88035965,11.13860035,11.34636021,11.05138016,11.55659962,11.52073956,11.46961975,11.48332977,11.86730957,12.04778004,12.04778004
GIN,Guinea,Africa,Northern Hemisphere,Low,SSA,182,2.662970066,2.814340115,2.986715078,3.159090042,3.382879972,3.611449957,3.840019941,4.186532468,4.533044994,4.87955752,5.226070046,5.572582573,5.919095099,6.265607625,6.612120152,7.093309879,7.557199955,7.845734835,8.134269714,8.279879888,8.425490061,8.571100235,8.558400154,8.783830166,9.009260178,9.163121769,9.319611033,9.478772845,9.640652849,9.805297465,9.805297465,9.805297465
GMB,Gambia,Africa,Northern Hemisphere,Low,SSA,174,4.672284859,4.823235838,4.979063703,5.139926015,5.305985425,5.47740984,5.666175989,5.854942138,6.043708288,6.232474437,6.421240587,6.610006736,6.798772885,6.987539035,7.176305184,7.365071333,7.553837483,7.742603632,7.931369781,7.964540005,7.954999924,8.079072273,8.205079751,8.33305254,8.488134505,8.643216471,8.798298437,8.953380402,9.108462368,9.263544333,9.418626299,9.418626299
GNB,Guinea-Bissau,Africa,Northern Hemisphere,Low,SSA,177,6.391058292,6.523525584,6.658738521,6.796754014,6.93763015,7.081426221,7.22820275,7.378021512,7.530945563,7.687039267,7.846368321,8.008999784,8.175002105,8.344445152,8.517400239,8.693940163,9.186900139,9.296604957,9.406309776,9.516014595,9.625719413,9.735424232,9.84512905,9.954833869,10.06453869,10.17424351,10.28394832,10.39365314,10.50335796,10.61306278,10.61306278,10.61306278
GNQ,Equatorial Guinea,Africa,Northern Hemisphere,Medium,SSA,145,,,,,,,,,,,7.077549934,7.217412569,7.357275204,7.497137839,7.637000475,7.77686311,7.916725745,8.05658838,8.196451015,8.33631365,8.476176285,8.61603892,8.755901555,8.89576419,9.035626825,9.17548946,9.315352095,9.45521473,9.595077365,9.73494,9.73494,9.73494
GRC,Greece,Europe,Northern Hemisphere,Very High,,33,12.38533974,12.93603039,12.83633995,12.63654995,12.80976963,12.81266975,12.96411991,13.13731003,13.81110001,13.7697401,14.15260983,14.51235962,15.09092999,15.1612196,15.48805046,16.18700981,16.37560081,15.86828995,16.16538302,16.46247609,16.75956917,16.86862946,17.16433907,17.34185982,17.89850044,18.26951504,18.64052963,19.10166931,19.50020027,20.02878952,20.02878952,20.02878952
GRD,Grenada,America,Northern Hemisphere,High,LAC,68,14.39464777,14.55154526,14.7101529,14.87048932,15.03257335,15.19642405,15.36206068,15.5295027,15.69876979,15.86988184,16.04285897,16.21772149,16.39448997,16.57318517,16.7538281,16.93643998,17.12104228,17.30765669,17.49630514,17.68700981,17.88404147,18.08107313,18.27810478,18.47513644,18.6721681,18.86919975,18.81738091,18.48951912,18.62984085,18.66202035,18.66202035,18.66202035
GTM,Guatemala,America,Northern Hemisphere,Medium,LAC,135,6.506764516,6.573509413,6.640938964,6.709060192,6.777880192,6.935319901,7.22197846,7.50863702,7.795295579,8.081954139,8.368612698,8.655271258,8.941929817,9.214723778,9.487517738,9.760311699,10.03310566,10.30589962,10.36208963,10.41827965,10.47446966,10.53065968,10.58684969,10.6430397,10.70359993,10.75267982,10.70512247,10.65756512,10.61000776,10.56245041,10.56245041,10.56245041
GUY,Guyana,America,Northern Hemisphere,High,LAC,108,9.658160085,9.760267828,9.863455073,9.967733231,10.07311384,10.17960854,10.28722913,10.3959875,10.50589568,10.61696583,10.72921024,10.78507351,10.84093677,10.89680004,11.10203981,11.30727959,11.02062464,10.73396969,10.76708031,10.67809963,10.94888973,11.47663021,11.43113041,11.57839929,11.72756545,11.87865334,12.03168772,12.18669366,12.34369657,12.50272216,12.50272216,12.50272216
HKG,Hong Kong,Asia,Northern Hemisphere,Very High,,4,13.05466606,13.17232715,13.29104873,13.41084033,13.53171161,13.6536723,13.77673221,13.90090125,14.02618943,14.15260682,14.28016361,14.40887006,14.53873653,14.66977349,14.80199147,14.93540113,15.07001321,15.20583853,15.34288805,15.48117278,15.62070387,15.76149255,15.90355015,16.09333038,16.3194294,16.45096016,16.46666908,16.6324501,16.92947006,17.22212029,17.27816963,17.27816963
HND,Honduras,America,Northern Hemisphere,Medium,LAC,137,8.327740703,8.400770187,8.474440098,8.548110008,8.65581398,8.763517952,8.871221924,8.978925896,9.086629868,9.194333839,9.302037811,9.409741783,9.517445755,9.625149727,9.732853699,9.840557671,9.948261642,10.05596561,10.16366959,10.24633503,10.32900047,10.1966753,10.06435013,9.868069649,9.675359726,9.911664501,9.888603846,9.807000421,9.838728904,10.13281417,10.13281417,10.13281417
HRV,Croatia,Europe,Northern Hemisphere,Very High,,40,9.487243058,9.933662919,10.40108895,10.89050961,11.40295982,11.25879002,11.37658978,11.48884964,11.86464024,12.18980026,12.32102013,12.55932045,12.90729046,13.26109028,13.60599518,13.95090008,14.25984955,14.29500008,14.16623974,14.1531601,14.40382957,14.54564953,14.78808022,15.1735096,15.27311039,15.22484016,15.18770027,15.22671986,15.18179035,15.11209965,15.11209965,15.11209965
HTI,Haiti,America,Northern Hemisphere,Low,LAC,163,7.156425,7.23210375,7.3077825,7.38346125,7.45914,7.53481875,7.6104975,7.68617625,7.761855,7.83753375,7.9132125,7.98889125,8.06457,8.14024875,8.2159275,8.29160625,8.367285,8.44296375,8.5186425,8.59432125,8.67,8.885,8.948,9.011,9.074,9.137,9.2,9.5,9.5,9.7,9.7,9.7
HUN,Hungary,Europe,Northern Hemisphere,Very High,,46,11.12654018,11.11417961,11.21051025,11.74056005,12.27060986,12.4127903,12.6177597,13.05292988,13.43634033,13.87598038,14.23414993,14.56569958,14.88370991,15.2458601,14.97251987,15.17901039,15.28851986,15.28890038,15.28785038,15.21380997,15.2641201,15.19478989,15.24335957,15.61968994,15.42549038,15.21959972,15.11898041,15.20417976,15.12946033,15.0336281,15.0336281,15.0336281
IDN,Indonesia,Asia,Southern Hemisphere,High,EAP,114,10.07166958,9.876020432,9.770970345,9.717000008,9.88506031,10.06046009,10.21537971,10.52087975,10.57161045,10.68282032,10.57404041,10.63712978,10.75983047,10.97385025,11.06958961,10.94575024,10.99732971,11.67477036,11.67576027,12.13866043,12.33273029,12.59058952,12.89035034,12.92486,12.88265991,13.33804035,13.35651016,13.53096962,13.60698032,13.74889386,13.74889386,13.74889386
IND,India,Asia,Northern Hemisphere,Medium,SA,132,7.996357701,8.026842836,8.057444193,8.088162214,8.118997343,8.149950027,8.175550461,8.209850311,8.242063522,8.274276733,8.306489944,8.337169647,8.527839661,9.122170448,9.386282921,9.650395393,9.914507866,10.17862034,10.48252964,10.41897011,10.73542976,11.29448032,11.52486038,11.54076004,11.86649036,11.94699955,12.34372044,12.16333008,11.81347513,11.46362019,11.87462044,11.87462044
IRL,Ireland,Europe,Northern Hemisphere,Very High,,8,12.34974957,12.36942959,12.55916023,13.04246044,13.26047993,13.32575989,13.36120987,13.5766201,16.17416954,16.32534027,16.4296093,16.56286049,16.80606079,16.98218918,17.24028015,17.23913956,16.97068977,17.01375961,17.26186943,17.03665924,17.46286964,17.93795967,17.95647049,18.06964493,18.18281937,18.70903015,18.79326057,18.70528984,19.75616074,18.94522095,18.94522095,18.94522095
IRN,Iran,Asia,Northern Hemisphere,High,SA,76,10.08364157,10.21992719,10.35805479,10.49804925,10.63993581,10.78374004,10.95379996,11.12385988,11.2939198,11.46397972,11.53203964,11.96055031,11.93974018,11.96312046,11.6090498,11.53783035,11.79074001,12.01554012,12.61373997,12.70823956,12.85377026,13.31478977,14.76996994,14.66059017,14.65942001,14.87814045,14.93214035,14.81373024,14.74757004,14.68140984,14.61524963,14.61524963
IRQ,Iraq,Asia,Northern Hemisphere,Medium,AS,121,9.614478,9.501616,9.388754,9.275892,9.16303,9.050168,8.937306,8.824444,8.711582,8.654310226,8.788539886,9.131287336,9.474034786,9.816782236,10.15952969,10.28655016,10.41357063,10.54059111,10.66761158,10.79463205,10.92165253,11.048673,11.17797675,11.3072805,11.43658425,11.565888,11.69519175,11.8244955,11.95379925,12.08747317,12.08747317,12.08747317
ISL,Iceland,Europe,Northern Hemisphere,Very High,,3,14.23715019,15.29761028,15.59636021,15.46640015,15.69215965,15.82032967,15.88074017,16.34880018,16.8168602,16.81957054,17.13028908,17.24799919,17.69742966,18.35300064,17.98419952,18.16902924,18.30336952,18.2290802,18.39888954,18.32003021,18.52108955,18.54735947,18.84399033,19.47475052,19.58976936,19.34770012,19.17450905,19.08308983,19.17563057,19.16305923,19.16305923,19.16305923
ISR,Israel,Asia,Northern Hemisphere,Very High,,22,12.87395,13.21520996,13.42135,13.62749004,13.67351484,13.71953964,13.83495998,14.34781011,14.86066024,15.37351036,15.29668045,15.4809103,16.22184944,16.09560013,15.97373009,15.93305016,15.83117008,15.95351028,15.75245953,15.86003971,16.07172012,16.1223793,16.09416008,16.14162064,16.16893005,16.17112923,16.08654022,16.16283035,16.1252594,16.05088997,16.05088997,16.05088997
ITA,Italy,Europe,Northern Hemisphere,Very High,,30,12.81748009,12.99248028,13.24015045,13.47467041,13.9201498,14.06558037,14.23950958,14.57250023,14.77297974,14.92212009,15.00973988,15.37252045,15.58602047,15.80438995,15.94890976,16.10302925,16.27749062,16.35603905,16.43112946,16.46048927,16.47192001,16.70663071,16.46610069,16.18659019,16.10824966,16.03336906,15.97875977,16.08889961,16.17503929,16.22678947,16.22678947,16.22678947
JAM,Jamaica,America,Northern Hemisphere,High,LAC,110,11.27081967,11.26696968,11.26312101,11.25927234,11.25542367,11.25157499,11.24772632,11.24387765,11.24002898,11.23618031,10.80220032,11.59801006,11.77513027,10.98355961,12.29020023,12.42370033,12.49237744,12.56105456,12.62973167,12.69840878,12.76708589,12.835763,12.90556458,12.97574575,13.04630857,13.11725511,13.18858746,13.26030772,13.332418,13.40492042,13.40492042,13.40492042
JOR,Jordan,Asia,Northern Hemisphere,High,AS,102,11.23939991,11.40272045,11.5805397,11.53104973,11.4191103,11.51270008,11.60628986,11.68886232,11.77143478,11.85400724,11.9365797,12.13572979,12.33487988,12.60367966,12.79255962,12.7048502,12.63064957,12.55109024,12.54397011,12.07672501,11.6094799,11.23715019,11.13696957,10.93816566,10.73936176,10.54055786,10.34175396,10.14295006,10.41676998,10.56050968,10.64655972,10.64655972
JPN,Japan,Asia,Northern Hemisphere,Very High,,19,13.01529026,13.05280018,13.0659399,13.46142483,13.85690975,13.93715954,13.98238977,14.02762,14.07285023,14.1330204,14.19752626,14.26203212,14.32653798,14.39104384,14.45554969,14.52005555,14.58456141,14.64906727,14.71357313,14.77807899,14.84258485,14.90709071,14.97159656,15.03610242,15.10060828,15.16511414,15.22962,15.21569,15.1905,15.22162588,15.22162588,15.22162588
KAZ,Kazakhstan,Asia,Northern Hemisphere,Very High,ECA,56,12.53703022,12.46156025,12.44013023,12.25097513,12.06182003,12.08150597,12.1011919,12.12087784,12.14056377,12.16024971,12.3744297,12.77585316,13.17727661,13.57870007,13.98012352,14.38154697,14.78297043,14.72519541,14.66742039,14.60964537,14.55187035,14.82793999,15.1076498,15.07024002,15.12672043,15.11816025,15.14945984,15.29436016,15.44011021,15.6129303,15.76500034,15.76500034
KEN,Kenya,Africa,Northern Hemisphere,Medium,SSA,152,7.605321279,7.678211181,7.751799664,7.826093425,7.90255072,7.979008016,8.055465311,8.131922606,8.208379902,8.199229795,8.190079689,8.320119858,8.103170395,8.662880421,9.222590446,9.243659973,9.491789818,9.739919662,10.00389004,10.26786041,10.31048778,10.35311515,10.39574252,10.43836989,10.48099726,10.52415263,10.56748569,10.61099717,10.65468781,10.69855835,10.69855835,10.69855835
KGZ,Kyrgyzstan,Asia,Northern Hemisphere,Medium,ECA,118,12.02089977,11.79125023,11.62413025,11.25551987,10.82456017,10.57563972,10.60842991,10.91432667,11.22022343,11.52612019,11.84471989,12.19270039,12.28594017,12.54905987,12.49370956,12.56025982,12.68754959,12.66928959,12.57874966,12.48820972,12.41543961,12.34677029,12.68334007,12.93120003,13.01056004,12.96702957,13.03036976,12.97451019,12.96755981,13.03588009,13.1953001,13.1953001
KHM,Cambodia,Asia,Northern Hemisphere,Medium,EAP,146,7.032154138,7.091509819,7.151366499,7.211223178,7.271079858,7.330936538,7.390793218,7.450649897,7.510506577,7.570363257,7.630219936,8.236160278,9.320349693,9.720649719,10.00885963,10.18515491,10.3614502,10.53528976,10.55445004,10.6522657,10.7474614,10.84350783,10.9404126,11.03818337,11.13682789,11.23635395,11.33676945,11.33676945,11.33676945,11.46772,11.46772,11.46772
KIR,Kiribati,Oceania,Northern Hemisphere,Medium,EAP,136,10.44217968,10.83154011,10.97579002,10.96735001,10.95890999,10.85208988,11.01930046,10.6796004,10.33990033,10.00020027,10.38836956,11.73746967,11.58656025,12.38922024,12.15614033,12.12123966,11.76896954,11.61940956,11.82483959,11.82276263,11.82068567,11.8186087,11.81653174,11.81445478,11.81237781,11.81030085,11.80822389,11.80614693,11.80406996,11.801993,11.801993,11.801993
KNA,Saint Kitts and Nevis,America,Northern Hemisphere,High,LAC,75,12.69515827,12.89924386,13.1066103,13.31731033,13.39694099,13.47657166,13.55620232,13.63583298,13.71546364,13.7950943,13.87472496,13.95435562,14.03398628,14.11361694,14.1932476,14.27287827,14.35250893,14.43213959,14.51177025,14.59273877,14.67415905,14.75603362,14.838365,14.92115576,15.00440845,15.08812564,15.17230994,15.25696394,15.34209028,15.42769157,15.42769157,15.42769157
KOR,South Korea,Asia,Northern Hemisphere,Very High,,19,13.58104992,13.70800972,13.71677971,13.93517971,14.24011993,14.50240993,14.8838501,15.49927998,15.20499992,15.42980003,15.63064957,15.68307972,15.72852039,15.91106033,16.10050011,16.30055046,16.44425964,16.65792084,16.73542023,16.77609062,16.84815979,16.87137985,16.74004936,16.65020943,16.64546013,16.60309982,16.50547028,16.4816494,16.49395943,16.52173996,16.52173996,16.52173996
KWT,Kuwait,Asia,Northern Hemisphere,Very High,AS,50,10.94134045,9.095980167,7.250619888,8.267809868,9.852399826,11.45228958,12.9972496,13.16524982,13.21151495,13.25778008,12.99305487,12.72832966,13.01471472,13.30109978,13.49615002,13.57111702,13.64608402,13.72105103,13.79601803,13.87098503,13.94595203,14.02091904,14.09588604,14.17085304,14.24582005,14.69398022,14.84911922,15.00589617,15.16432838,15.32443332,15.32443332,15.32443332
LAO,Lao,Asia,Northern Hemisphere,Medium,EAP,140,6.586619854,6.683733304,6.780846755,6.877960205,7.162789822,6.842470169,7.45126009,7.673789978,7.918769836,7.997290134,7.999300003,8.008970261,8.274680138,8.60739994,8.768010139,8.992280006,9.078969955,9.265709877,9.44408989,9.736579895,9.954899788,10.35177994,10.51441956,10.81301022,11.09206963,11.22173977,11.15810966,10.98723984,10.63469982,10.47854042,10.13611031,10.13611031
LBN,Lebanon,Asia,Northern Hemisphere,High,AS,112,11.71200857,11.86972429,12.02744,12.1912475,12.355055,12.5188625,12.68267,13.42690333,14.17113667,14.91555,14.9636,15.20376,14.81091,14.16059,13.70269,13.24125,12.88843,13.0529,13.15881,13.31794,13.216,13.28792,12.50924,12.25366,11.48094,11.14674,10.83927,11.28587,11.28587,11.28587,11.28587,11.28587
LBR,Liberia,Africa,Northern Hemisphere,Low,SSA,178,,,,,,,,,,8.889519691,10.78812981,10.63230283,10.47647586,10.32064889,10.16482192,9.853167972,9.853167972,9.697341,9.7317335,9.766126,9.8005185,9.834911,9.8693035,9.903696,9.977566531,10.05143706,10.12530759,10.19917812,10.27304866,10.34691919,10.42078972,10.42078972
LBY,Libya,Africa,Northern Hemisphere,High,AS,104,14.01656053,14.18063632,14.34471211,14.50878789,14.67286368,14.83693947,15.00101526,15.16509105,15.32916684,15.49324263,15.65731842,15.82139421,15.58174038,15.45261955,15.65732857,15.38724714,15.11716571,14.84708429,14.57700286,14.30692143,14.03684,13.71967,13.4025,13.2799874,13.1574748,13.0349622,12.9124496,12.789937,12.789937,12.85428,12.85428,12.85428
LCA,Saint Lucia,America,Northern Hemisphere,High,LAC,106,13.84337435,13.72099753,13.59970253,13.47947979,13.36031983,13.24115987,13.12199991,13.00283996,12.88368,12.76452004,12.64536008,12.52620012,12.40704016,12.2878802,12.16872025,12.42891026,12.78090954,12.60116005,12.76291382,12.9246676,13.08642137,13.24817514,13.40992892,13.57168269,13.73343647,13.89519024,14.3461504,14.04967022,13.99927044,12.93918991,12.86610985,12.86610985
LIE,Liechtenstein,Europe,Northern Hemisphere,Very High,,16,,,,,,,,,,,13.95551359,14.0411227,14.12725698,14.21391964,14.46243,14.29856014,14.46555042,14.42228985,14.65060997,14.48534966,14.51568985,14.84086037,15.02554035,14.83032513,14.6351099,14.71424007,14.7209301,14.88391018,14.62086964,15.18157005,15.18157005,15.18157005
LKA,Sri Lanka,Asia,Northern Hemisphere,High,SA,73,11.24841313,11.36073368,11.47417581,11.5887507,11.70446968,11.82370156,11.94293344,12.06216532,12.1813972,12.30062908,12.41986096,12.53909284,12.65832472,12.7775566,12.89678848,13.01602036,13.13525224,13.25448412,13.373716,13.49294788,13.61217976,13.72367954,13.7407198,13.96959972,13.92172654,13.87385337,13.82598019,13.90752983,14.11106968,14.13990486,14.13990486,14.13990486
LSO,Lesotho,Africa,Southern Hemisphere,Low,SSA,168,8.651200294,8.7855196,8.733690262,8.460089684,8.75881958,8.821840286,8.735159874,8.659733136,8.584306399,8.508879662,9.336930275,9.597189903,9.874540329,10.39723015,10.67878008,10.96033001,11.27525043,11.45768038,11.64011033,11.82254028,12.00497023,12.18740018,12.36983013,11.97321987,11.92323017,11.8165102,11.97399998,12.13148975,12.08609896,12.04087801,12.04087801,12.04087801
LTU,Lithuania,Europe,Northern Hemisphere,Very High,,35,12.84978008,12.63996983,12.19863033,11.84232998,11.76371002,11.97601032,12.40145016,12.92078018,13.39538956,13.84819984,14.40340996,14.95748997,15.43988037,15.94620037,16.04578018,16.37878036,16.69487,16.69595909,16.72579956,16.83357048,16.79044914,16.85102081,16.67333031,16.60783958,16.46250916,16.4450798,16.49953079,16.63731003,16.56925011,16.28506088,16.28506088,16.28506088
LUX,Luxembourg,Europe,Northern Hemisphere,Very High,,17,10.5273252,10.8223003,11.12554058,11.43727764,11.75774956,11.82686996,12.2501297,12.40548992,12.74400997,13.4890604,13.44017982,13.50298023,13.55920029,13.52670002,13.51615334,13.50560665,13.49505997,13.51607513,13.5370903,13.73584509,13.93459988,13.9084549,13.88230991,13.94312986,14.0039498,14.06476974,14.22751999,14.25582027,14.31532001,14.39813995,14.39813995,14.39813995
LVA,Latvia,Europe,Northern Hemisphere,Very High,,39,12.66884041,12.55290985,12.36756039,11.88483047,11.5771904,11.63290977,11.89087963,12.27278042,12.88967991,13.50590992,13.93457031,14.57145023,15.02884007,15.25129986,15.68218994,15.96102047,15.98433971,15.90223026,15.92555046,15.57306004,15.50370026,15.53017044,15.38467979,15.8287096,15.81700039,15.83139992,15.98268986,16.16769028,16.23089027,16.20252991,16.20252991,16.20252991
MAR,Morocco,Africa,Northern Hemisphere,Medium,AS,123,6.517419815,6.496779919,6.601980209,6.822780132,7.084599972,7.315730095,7.467455149,7.619180202,7.678890228,8.099590302,8.555199623,8.900279999,9.336620331,9.677559853,9.920379639,10.08786964,10.10542011,10.37483978,10.54251003,10.73604012,11.08810043,11.43887043,11.7844696,12.12826366,12.47205772,12.81585178,13.15964584,13.5034399,13.72161961,13.95818996,14.15190983,14.15190983
MCO,Monaco,Europe,Northern Hemisphere,,,,,,,,,,,,,,,,,,,,,,,,,,,,,,,,,,,
MDA,Moldova,Europe,Northern Hemisphere,High,ECA,80,7.134404363,7.367374644,7.607952448,7.856386197,8.11293242,8.377856028,8.651430579,8.933938565,9.225671704,9.526931237,9.838028244,10.1809489,10.52386956,10.86679021,11.20971087,11.55263153,11.89555218,12.23847284,12.58139349,12.92431415,13.26723481,13.61015546,13.95307612,14.02487343,14.09704018,14.06091022,14.07479954,14.29790974,14.39253044,14.46210003,14.43299961,14.43299961
MDG,Madagascar,Africa,Southern Hemisphere,Low,SSA,173,6.326340199,6.511512884,6.696685568,6.881858253,7.067030938,7.252203623,7.437376308,7.622548993,7.807721678,7.992894363,8.178067048,8.363239733,8.548412418,8.733585103,8.918757788,9.103930473,9.171469688,9.414819717,9.723139763,10.18243027,10.15793514,10.13344002,10.30860996,10.37396002,10.43931007,10.56871033,10.41318035,10.29355001,10.17391968,10.13499142,10.13499142,10.13499142
MDV,Maldives,Asia,Northern Hemisphere,High,SA,90,,,,,,9.747140926,10.02378135,10.3082733,10.60083961,11.36034966,11.82178974,11.97014046,11.69769001,12.16390991,12.19339114,12.22287238,12.25235361,12.28183484,12.31131607,12.34079731,12.37027854,12.39975977,12.429241,12.45872223,12.48820347,12.5176847,12.54716593,12.57664716,12.60612839,12.63560963,12.63560963,12.63560963
MEX,Mexico,America,Northern Hemisphere,High,LAC,86,10.94775963,10.76844025,10.73659992,10.7047596,10.80282021,10.93690968,11.06879997,11.20818043,11.51010036,11.7263298,11.98775005,12.02698994,12.3741703,12.65472984,12.74703979,12.79951954,12.91388988,13.03225994,13.20757961,13.26840019,13.39920998,13.44375992,13.70121002,13.87195969,14.04314995,14.19680977,14.6375103,14.80978012,14.8653698,14.86443996,14.86443996,14.86443996
MHL,Marshall Islands,Oceania,Northern Hemisphere,Medium,EAP,131,,,,,,,,,,,,,12.16722965,12.05382319,11.94041673,11.82701027,11.71360381,11.60019734,11.48679088,11.37338442,11.25997796,11.1465715,11.03316503,10.91975857,10.80635211,10.69294565,10.57953919,10.46613272,10.35272626,10.2393198,10.2393198,10.2393198
MKD,North Macedonia,Europe,Northern Hemisphere,High,ECA,78,10.3518902,10.44338258,10.5356836,10.62880039,10.72274017,10.93083954,11.11662006,11.20294952,11.31814957,11.45744991,11.53279972,11.59393024,11.63331032,11.64132023,11.6462698,11.79450035,11.88965511,11.98480988,12.87722969,12.84832001,12.84206009,12.88011026,12.91816044,12.94083023,12.96148968,13.32861996,13.45691013,13.58520031,13.50732994,13.62443234,13.62443234,13.62443234
MLI,Mali,Africa,Northern Hemisphere,Low,SSA,186,2.076570034,2.160510063,2.32198,2.548599958,2.796649933,3.044699907,3.30328989,3.682650089,3.98229003,4.391610146,4.615330219,4.929862678,5.244395137,5.558927596,5.873460054,6.187992513,6.502524972,6.817057431,7.13158989,7.411950111,7.598370075,7.755449772,7.564219952,7.372990131,7.541309834,7.347839832,7.403979778,7.461060047,7.442024549,7.423037617,7.423037617,7.423037617
MLT,Malta,Europe,Northern Hemisphere,Very High,,23,12.67961025,12.82454014,12.94983959,13.11435986,13.20353031,13.3376503,13.36067009,13.50568962,13.97060013,13.90585995,13.85346031,14.06742001,13.9998703,14.33407974,14.8710804,14.81480026,14.49178028,14.79811954,14.64723015,15.07639503,15.50555992,15.02422047,15.16574001,15.26920033,15.41316032,15.70611954,15.84722996,16.10407066,16.58428001,16.83856964,16.83856964,16.83856964
MMR,Myanmar,Asia,Northern Hemisphere,Medium,EAP,149,6.001580238,6.567095041,7.132609844,7.261940002,7.352530003,7.283170223,7.347003539,7.410836856,7.474670172,7.538503488,7.602336804,7.66617012,7.756821791,7.847473462,7.938125134,8.028776805,8.119428476,8.210080147,8.433731079,8.657382011,8.881032944,9.104683876,9.328334808,9.551985741,9.775636673,9.999287605,10.22293854,10.44658947,10.6702404,10.90913752,10.90913752,10.90913752
MNE,Montenegro,Europe,Northern Hemisphere,Very High,ECA,49,,,,,,,,,,,11.54869593,11.890174,12.24174907,12.60371971,12.8471899,13.18715954,13.63720989,14.11563969,14.57936954,14.91355991,15.07221985,15.04305649,15.01389313,14.98472977,14.95556641,14.92640305,14.89723969,15.02132034,14.99967957,14.94519997,15.08160973,15.08160973
MNG,Mongolia,Asia,Northern Hemisphere,High,EAP,96,10.1633997,9.719189644,8.841150284,7.741680145,7.685860157,7.67553997,8.023679733,8.261980057,8.63132,8.90114975,9.397629738,10.11670017,10.48843956,11.20584011,11.79734039,12.66930962,12.96592999,13.39673678,13.82754358,14.25835037,14.58479023,14.62874126,14.6726923,14.71664333,14.76059437,14.8045454,14.84849644,14.89244747,14.93639851,14.98034954,14.98034954,14.98034954
MOZ,Mozambique,Africa,Southern Hemisphere,Low,SSA,185,3.708847485,3.702022453,3.69520998,3.688410044,3.819499969,4.073319912,4.434274912,4.795229912,5.156184912,5.517139912,5.966969967,6.436329842,6.869780064,7.243430138,7.617080212,8.216320038,8.51088047,9.11989975,9.551600456,9.678779602,9.846440315,9.553930283,9.398610115,9.940219879,9.870030403,9.878950119,9.926485062,9.974020004,10.09584184,10.2191516,10.2191516,10.2191516
MRT,Mauritania,Africa,Northern Hemisphere,Medium,SSA,158,3.717259884,3.828249931,4.146910191,4.642859936,5.327489853,5.474870205,5.728159904,5.780069828,6.177780151,6.384640217,6.471035004,6.55742979,6.644999981,6.777100086,7.289490223,7.332839966,7.556079865,7.436579943,7.317080021,7.794020176,7.878290176,7.97796011,8.365590096,8.676250458,8.850930214,9.02560997,8.617939949,8.588339806,9.106389999,9.376159668,9.376159668,9.376159668
MUS,Mauritius,Africa,Southern Hemisphere,Very High,SSA,63,10.4981699,10.64156659,10.78496329,10.92835999,11.07175668,11.21515338,11.35855007,11.52077961,11.81127501,12.1017704,12.23978043,12.54360962,12.56184006,12.84302998,13.01842976,13.42304039,13.53824997,13.63586998,13.73890018,13.98771,14.08798027,14.29753017,14.77875042,14.80132961,15.31830978,15.05727005,15.09776974,15.05659962,15.11495162,15.17352977,15.17352977,15.17352977
MWI,Malawi,Africa,Southern Hemisphere,Low,SSA,169,5.529300213,5.745250225,6.851079941,7.150440216,7.435420036,10.89968967,10.68700981,10.80333328,10.91965675,11.03598022,10.34127998,10.66903019,10.62281036,10.29662514,9.970439911,9.846899986,9.941060066,9.792160034,10.11480999,10.43745995,10.7601099,10.91059971,11.1173968,11.32811348,11.54282403,11.76160417,11.98453101,12.21168316,12.4431407,12.67898523,12.67898523,12.67898523
MYS,Malaysia,Asia,Northern Hemisphere,Very High,EAP,62,9.827679634,9.987910271,10.17436981,10.16162014,10.22583008,10.28680992,10.72850672,11.17020353,11.61190033,11.61859035,11.91814995,12.0710001,12.19441986,12.74166965,12.96833992,12.69880962,12.19968987,12.34319019,12.47745037,12.6348896,12.85531998,12.71901035,13.00349998,13.22638035,13.45189953,13.66390991,13.8724699,13.67864037,13.54508018,13.48631954,13.34304047,13.34304047
NAM,Namibia,Africa,Southern Hemisphere,Medium,SSA,139,10.42286942,10.83835983,11.27041308,11.70246633,12.13451958,12.01089954,11.8145299,11.61816025,11.74695969,11.50034046,11.70321512,11.90608978,11.7733202,11.87378979,11.78052998,11.68727016,11.53619957,11.60042298,11.62748167,11.65454037,11.68159907,11.70865776,11.73571646,11.76277515,11.79002217,11.81733231,11.8447057,11.8721425,11.89964286,11.92720692,11.92720692,11.92720692
NER,Niger,Africa,Northern Hemisphere,Low,SSA,189,2.059570074,2.089375019,2.119179964,2.204723597,2.290267229,2.375810862,2.461354494,2.546898127,2.632441759,2.717985392,2.803529024,2.889072657,2.974616289,3.060159922,3.399849892,3.628170013,3.777889967,3.90508008,4.137710094,4.374360085,4.699289799,4.983039856,5.214409828,5.448969841,5.683529854,5.918089867,6.21517992,6.406770229,6.67627276,6.957111988,6.957111988,6.957111988
NGA,Nigeria,Africa,Northern Hemisphere,Low,SSA,163,5.6963701,5.884754825,6.079369625,6.280420532,6.488120397,6.702689106,6.92435382,7.15334921,7.389917709,7.634309769,8.003800392,7.746399879,8.150876681,8.555353483,8.959830284,9.028440475,8.89398632,8.759532166,8.625078011,8.490623856,8.356169701,8.682390213,8.861738897,9.041087581,9.220436265,9.399784948,9.579133632,9.758482316,9.937831,10.12758388,10.12758388,10.12758388
NIC,Nicaragua,America,Northern Hemisphere,Medium,LAC,126,7.488699913,8.013589859,8.173259735,8.340353012,8.507446289,8.674539566,8.987131119,9.299722672,9.612314224,9.924905777,10.23749733,10.55008888,10.86268044,10.90502671,10.94737299,10.98971926,10.91788199,10.84604472,10.77420744,10.70237017,10.8882017,11.07403322,11.25986475,11.44569627,11.6315278,11.82682458,12.02540046,12.22731048,12.43261063,12.64135783,12.64135783,12.64135783
NLD,Netherlands,Europe,Northern Hemisphere,Very High,,10,14.67444992,14.92512989,14.83885002,15.07598972,17.31242943,16.72776031,16.89909935,16.55894089,16.52049065,16.38546944,16.56546021,16.6722393,16.30929947,16.3899498,16.29527092,16.41580009,16.51478958,16.63899994,16.75245094,16.80503082,16.99106026,17.85778046,17.82703972,17.91139285,17.99574598,18.08009911,18.04483032,18.48513031,18.5599308,18.69316522,18.69316522,18.69316522
NOR,Norway,Europe,Northern Hemisphere,Very High,,2,13.94550037,14.24613953,14.53617954,15.06902981,16.11097908,15.56700039,15.75127029,15.98190975,16.89126015,17.13750076,17.49785995,17.0864296,17.1053009,17.48032951,17.62022972,17.49011993,17.59090996,17.56229973,17.38734055,17.36672974,17.54862976,17.56863976,17.47475052,17.69016075,17.68293953,17.78388977,17.96912956,18.06615067,18.12005043,18.18519974,18.18519974,18.18519974
NPL,Nepal,Asia,Northern Hemisphere,Medium,SA,143,7.460750103,7.641940117,7.887959957,7.897469997,7.933139801,7.999619961,8.382760048,8.526877642,8.670995235,8.815112829,8.959230423,8.564680099,9.161899567,9.225540161,9.354125023,9.482709885,9.945119858,9.976340294,10.40861034,11.06719017,11.92319012,12.39546967,12.53003502,12.66460037,12.59261036,12.65250969,12.61919975,12.75613022,12.95372534,13.15132046,12.88694954,12.88694954
NRU,Nauru,Oceania,Southern Hemisphere,,EAP,,,,,,,,,,,,9.548890114,9.690799713,9.312490463,8.975170135,9.075570107,10.86083031,10.13370037,9.002280235,9.56649971,9.742471842,9.921680914,10.10418647,10.29004914,10.47933069,10.672094,10.86840312,11.06832328,11.27192088,11.47926359,11.69042029,11.69042029,11.69042029
NZL,New Zealand,Oceania,Southern Hemisphere,Very High,,13,14.48279953,14.81429958,15.16473961,15.97017002,16.55532074,16.85778046,17.00136948,17.10922185,17.21707423,17.3249266,17.43277898,17.54063135,17.64848373,17.7563361,17.86418847,17.97204085,18.07989322,18.1877456,18.29559797,18.40345035,18.51130272,18.6191551,18.72700747,18.83485985,18.80341911,18.86964989,18.12450027,18.83856964,18.87854958,20.28388977,20.28388977,20.28388977
OMN,Oman,Asia,Northern Hemisphere,Very High,AS,54,7.896699905,8.247389793,8.652330399,9.215479851,9.266460419,9.490539551,9.740269661,9.820240021,10.06287003,10.34317799,10.62348595,10.90379391,11.18410187,11.46440983,11.60352468,11.74263954,11.78359985,12.0812397,12.40342999,13.3710804,13.38470507,13.39832973,13.5687747,13.73921967,14.00377464,14.26832962,14.63817978,14.18214035,14.1161499,14.31089973,14.57349014,14.57349014
PAK,Pakistan,Asia,Northern Hemisphere,Low,SA,161,4.626049995,4.68038691,4.734723825,4.789060739,4.843397654,4.897734569,4.952071483,5.006408398,5.060745313,5.115082227,5.169419142,5.223756057,5.278092971,5.332429886,5.742340088,6.093520164,6.28110981,6.713580132,6.731939793,6.818009853,6.813624859,6.809239864,6.919909954,6.978740215,7.296909809,7.584290028,7.989449978,7.931729794,8.275939941,8.658349991,8.658349991,8.658349991
PAN,Panama,America,Northern Hemisphere,Very High,LAC,61,10.6522398,10.66341972,10.77066994,10.94305038,10.8969202,11.12065029,11.32726955,11.5777998,11.82833004,12.07886028,12.33146,12.54675007,12.73756981,12.81908512,12.90060043,12.89698029,12.89313984,12.9639101,12.77729034,12.7495203,12.81746006,12.65684986,12.67351309,12.69017633,12.70683956,12.70656967,12.90561008,12.95616796,13.0069239,13.05787868,13.05787868,13.05787868
PER,Peru,America,Southern Hemisphere,High,LAC,84,11.72138977,11.70501995,11.48295975,11.46770954,11.58224964,11.93307018,11.89482021,11.8196497,12.42867994,13.03771019,12.87779045,13.36966991,12.8752203,12.35818005,12.59951019,12.60894012,12.81361008,13.01843605,13.22326202,13.428088,13.63291397,13.83773994,14.04256592,14.24739189,14.45221786,14.65704384,14.86186981,14.99071026,15.18792464,15.38773354,15.38773354,15.38773354
PHL,Philippines,Asia,Northern Hemisphere,Medium,EAP,116,10.78757,10.78501034,10.80265999,10.78906345,10.77546692,10.76187038,11.12605,11.17542982,11.22480965,11.38438988,11.38376999,11.3831501,11.58487988,11.5952301,11.61896038,11.51733971,11.36717987,11.52336979,11.67955971,11.36655998,11.62320595,11.87985191,12.13649788,12.39314384,12.64978981,12.82507992,12.84617043,13.14836025,13.19219971,13.39021015,13.12656975,13.12656975
PLW,Palau,Oceania,Northern Hemisphere,High,EAP,80,,,,,,,,,,,14.0816803,14.27463649,14.46759268,14.66054887,14.85350506,15.04646125,15.23941744,15.43237363,15.62532982,15.81828602,16.01124221,16.2041984,16.39715459,16.59011078,16.47499781,16.35988484,16.24477187,16.12965891,16.01454594,15.89943297,15.78432,15.78432
PNG,Papua New Guinea,Oceania,Southern Hemisphere,Medium,EAP,156,3.784030274,3.951165325,4.125682486,4.307907813,4.498181764,4.696859837,4.916293303,5.13572677,5.355160236,5.592510934,5.829861631,6.067212329,6.304563026,6.541913723,6.779264421,7.016615118,7.253965816,7.491316513,7.72866721,7.966017908,8.203368605,8.440719303,8.67807,8.915829167,9.153588333,9.3913475,9.629106667,9.866865833,10.104625,10.36077074,10.36077074,10.36077074
POL,Poland,Europe,Northern Hemisphere,Very High,,34,12.23526001,12.27208042,12.25127983,12.88770008,13.10297012,13.0545702,13.26350975,13.7794199,14.20794964,14.58401966,14.71825981,15.0008297,15.32771015,15.46210957,14.79946041,14.97383976,14.97492981,14.98614979,15.0042696,15.05370045,15.30467987,15.22449017,15.34090996,16.30895042,15.98246956,16.01518949,16.04790942,16.08062935,16.02598953,16.0271492,16.0271492,16.0271492
PRK,North Korea,Asia,Northern Hemisphere,,EAP,,,,,,,,,,,,,,,,,,,,,,,,,,,10.74618,10.77764514,10.78317,10.78317,10.78317,10.78317,10.78317
PRT,Portugal,Europe,Northern Hemisphere,Very High,,38,11.76766968,12.22264004,13.01918983,14.1583004,14.64418983,14.97101021,15.43239975,15.65526009,15.87812042,15.45625019,15.70429993,15.89315987,15.80930042,15.8705101,15.41162014,15.41471004,15.42185974,15.75298023,15.95997047,16.01322937,16.11691093,16.21479988,16.30388069,16.75221062,16.51876068,16.44728088,16.37409019,16.53578949,16.72011948,16.87122917,16.87122917,16.87122917
PRY,Paraguay,America,Southern Hemisphere,High,LAC,105,8.583299637,8.867646535,9.151993434,9.436340332,9.643460274,9.850580215,10.1936903,10.61834685,11.0430034,11.46765995,11.68776989,12.10713959,12.57073975,12.01381016,12.16732025,11.98626995,11.87640476,11.76653957,11.96699047,12.25207996,12.18908024,12.6154951,12.79363242,12.96018627,12.90811589,12.99628522,12.76987498,12.70668574,12.75262838,12.98799113,12.98799113,12.98799113
PSE,"Palestine, State of",Asia,Northern Hemisphere,High,AS,106,,,,,,9.94682864,10.2123003,10.59757042,10.93435001,11.27112961,11.23666954,11.64340973,11.86647034,12.23983002,12.66081047,12.68805027,12.86791992,13.33366013,13.37886047,13.27307034,13.36909962,13.31772995,13.30860996,13.10519028,13.17203045,13.20928001,13.19561005,13.36406994,13.40939999,13.40559006,13.35801029,13.35801029
QAT,Qatar,Asia,Northern Hemisphere,Very High,AS,42,11.84733963,11.51646042,11.16573048,11.56651974,11.94487953,12.15437984,12.44118023,12.6665802,12.89198017,12.99153996,12.77415991,12.55677986,12.81210995,13.34971046,13.29403973,13.19303989,12.28493977,12.45077491,12.61661005,12.78244519,12.94828033,13.49617958,11.57071972,11.0530901,11.43953037,11.99582005,12.21823025,11.90872002,12.02342987,12.30768013,12.63722038,12.63722038
ROU,Romania,Europe,Northern Hemisphere,Very High,,53,11.92111015,10.99755001,10.56622028,10.36369991,10.28365993,10.42288971,10.89214993,11.02046967,11.13547039,11.51214981,11.62876987,11.91536045,12.39365005,12.83399963,13.36207962,13.66652012,14.0582304,14.62831974,15.32608986,15.66170979,15.5516901,15.19215965,14.6047802,14.61459351,14.62440681,14.63422012,14.32149029,14.25988007,14.27499962,14.22990036,14.22990036,14.22990036
RUS,Russian Federation,Europe,Northern Hemisphere,Very High,,52,12.82444,12.66557026,12.4005003,12.0488596,11.79273033,11.77857018,11.89381981,11.89286041,11.97801971,12.11678028,12.57031775,13.02385521,13.47739267,13.93093014,13.84131527,13.7517004,13.77840996,13.88510036,13.98149967,13.72636986,14.18549013,14.6446104,14.57188988,14.75537968,14.77151966,15.12909985,15.20600986,15.02735043,15.7072401,15.76636982,15.76636982,15.76636982
RWA,Rwanda,Africa,Southern Hemisphere,Low,SSA,165,5.632040024,5.803090043,5.974140061,6.14519008,6.316240099,6.487290117,6.658340136,6.829390155,7.000440174,7.171490192,7.478769779,7.382740021,7.679729939,8.189399719,8.851280212,9.171500206,10.01309013,10.41926956,10.40192032,10.96794033,11.20610046,11.43978977,11.67770958,11.51414013,11.45512009,11.09284973,11.49981976,11.49604034,11.18665981,11.23097038,11.23097038,11.23097038
SAU,Saudi Arabia,Asia,Northern Hemisphere,Very High,AS,35,9.585306116,9.768487876,9.955170365,10.14542048,10.33930641,10.53689763,10.73826496,10.94348055,11.15261795,11.36575212,11.58295942,11.8043177,12.02990629,12.25980603,12.49409931,12.7328701,12.95001507,13.16716003,13.40357018,13.63998032,13.99651882,14.35305732,14.70959582,15.06613432,15.42267282,15.77921132,16.13574982,15.63002014,15.67512989,16.02643967,16.13549042,16.13549042
SDN,Sudan,Africa,Northern Hemisphere,Low,AS,172,4.194768272,4.315611234,4.439935442,4.567841185,4.699431638,4.834812951,4.974094332,5.117388133,5.264809945,5.416478687,5.572516705,5.73304987,5.794079781,5.905220032,6.229390144,6.348959923,6.603700161,6.530020237,7.043960094,7.236340046,7.225570202,6.939670086,7.242619991,7.491300106,7.523449898,7.609839916,7.692326034,7.775706251,7.859990261,7.945187858,7.945187858,7.945187858
SEN,Senegal,Africa,Northern Hemisphere,Low,SSA,170,4.423130163,4.501156964,4.580560207,4.661364174,4.74216814,4.822972107,4.903776073,4.98458004,5.095935106,5.207290173,5.464044094,5.720798016,5.977551937,6.234305859,6.49105978,6.747739792,6.869750023,7.265204906,7.66065979,7.856255054,8.051850319,8.724579811,8.975609779,9.034830093,9.279299736,9.270440102,9.163832664,9.057225227,8.95061779,8.844010353,8.963749886,8.963749886
SGP,Singapore,Asia,Northern Hemisphere,Very High,EAP,12,10.60184773,10.80219761,11.00254749,11.20289737,11.40324724,11.60359712,11.8228777,12.04215827,12.26143885,12.48071942,12.7,12.6,12.7,12.7,12.6,13.9,14.1,14.2,14.4,14.5,15.2,15.4,15.8,15.8,16.1,16.1,16.31657982,16.44087982,16.51959038,16.5243206,16.5243206,16.5243206
SLB,Solomon Islands,Oceania,Southern Hemisphere,Medium,EAP,155,5.985459805,6.15007019,6.555089951,6.932380199,7.179950237,7.180796146,7.181642056,7.182487965,7.183333874,7.184179783,6.644999981,7.306730032,7.968460083,8.110679944,8.252899806,8.395119667,9.011380196,9.229940414,9.71437361,10.1988068,10.68324,10.77255,10.6022,10.56268816,10.52332357,10.48410569,10.44503396,10.40610784,10.36732679,10.32869027,10.32869027,10.32869027
SLE,Sierra Leone,Africa,Northern Hemisphere,Low,SSA,181,4.506159782,4.228769779,4.441174793,4.653579807,4.865984821,5.078389835,5.290794849,5.503199863,5.715604877,5.928009892,6.140414906,6.35281992,6.610703186,6.879054839,7.158299829,7.448880353,7.75125656,8.06590728,8.380558,8.695208719,9.009859439,9.072145944,9.13443245,9.196718955,9.259005461,9.321291966,9.383578471,9.445864977,9.509414262,9.57339109,9.57339109,9.57339109
SLV,El Salvador,America,Northern Hemisphere,Medium,LAC,125,8.899497437,9.195750237,9.50186491,9.807979584,10.12818165,10.44838371,10.76858578,11.08878784,11.40898991,11.24400997,11.51992035,11.62421036,11.85634041,12.13774967,12.34562016,12.5539999,12.49475956,13.0039196,12.36439991,12.36340046,12.47132969,12.61316013,12.67521,12.78911972,12.54815006,12.56406608,12.5769017,12.53785778,12.71449047,12.67134767,12.67134767,12.67134767
SMR,San Marino,Europe,Northern Hemisphere,Very High,,44,,,,,,,,,,,,,,,,,,,,,,,,,,,,,11.89288998,11.96094036,12.26613998,12.26613998
SOM,Somalia,Africa,Northern Hemisphere,,AS,,,,,,,,,,,,,,,,,,,,,,,,,,,,,,,,,
SRB,Serbia,Europe,Northern Hemisphere,Very High,ECA,63,12.38251487,12.45202477,12.52192486,12.59221734,12.66290441,12.73398829,12.8054712,12.87735538,12.94964309,13.02233659,13.09543815,13.16895008,12.96475983,13.08683014,13.16234016,13.41617966,13.53829956,13.51412964,13.60622978,13.6344099,13.52546978,14.03466034,14.14078999,14.28219986,14.36067963,14.55158043,14.64188004,14.76615047,14.73746967,14.65697002,14.40009022,14.40009022
SSD,South Sudan,Africa,Northern Hemisphere,Low,SSA,191,,,,,,,,,,,,,,,,,,,,,4.87162,5.005798,5.139976,5.274154,5.408332,5.54251,5.54251,5.54251,5.54251,5.54251,5.54251,5.54251
STP,Sao Tome and Principe,Africa,Northern Hemisphere,Medium,SSA,138,8.229322707,8.31258549,8.39669071,8.481646891,8.567462643,8.654146663,8.741707737,8.830154737,8.919496628,9.009742464,9.100901391,9.192982647,9.285995565,9.37994957,9.660550117,9.901069641,9.99469471,10.08831978,9.855819702,10.36534977,10.21755981,10.41050005,10.60344028,11.08731031,11.57118034,12.38348961,12.62896347,12.87443733,13.11991119,13.36538506,13.36538506,13.36538506
SUR,Suriname,America,Northern Hemisphere,High,LAC,99,11.82423019,11.78651182,11.74879344,11.71107507,11.67335669,11.63563832,11.59791994,11.56020157,11.52248319,11.48476481,11.44704644,11.40932806,11.37160969,11.52178391,11.67394135,11.82810819,11.98431096,12.14257656,12.30084216,12.45910776,12.61737336,12.77563896,12.80810885,12.84057874,12.87304863,12.90551852,12.9379884,12.97045829,13.00292818,13.03564357,13.03564357,13.03564357
SVK,Slovakia,Europe,Northern Hemisphere,Very High,,45,11.53758582,11.62315774,11.70936433,11.79621029,11.88370037,12.04553986,12.23585033,12.32246017,12.87141037,13.00547981,13.24777031,13.21650982,13.5188303,13.72305965,13.93457985,14.20277023,14.42905045,14.73155022,14.87456989,14.94666004,14.99320984,14.94832039,14.95083046,14.93280029,14.80397987,14.67733955,14.53180027,14.48703957,14.48058033,14.51303959,14.51303959,14.51303959
SVN,Slovenia,Europe,Northern Hemisphere,Very High,,23,11.96399021,12.04930973,12.27888012,12.16870975,12.3100996,12.58475018,12.80161953,13.13873959,13.69239998,14.56196976,14.75059986,15.60025024,16.10861969,16.60168076,16.34767914,16.70615959,16.86500931,16.92316055,16.95817947,17.01222038,17.14838982,17.00090027,16.98918915,17.70853996,17.33702087,17.29199028,17.5005703,17.57205963,17.59638023,17.65492058,17.65492058,17.65492058
SWE,Sweden,Europe,Northern Hemisphere,Very High,,7,12.89834976,13.00177956,13.24635029,15.10190964,15.53335953,15.88644028,16.31859016,17.03985977,18.55097961,18.76285934,18.78499985,18.84446907,18.60659027,18.5394001,15.95156002,15.89435959,15.83596992,15.72296047,15.7457304,15.73752022,15.92706966,15.7834301,15.79234982,18.07908058,18.19613075,18.5685997,18.83242989,19.48233986,19.69101906,19.41852951,19.41852951,19.41852951
SWZ,Eswatini,Africa,Southern Hemisphere,Medium,SSA,144,9.369875389,9.403099026,9.436440468,9.469900131,9.608366648,9.746833165,9.885299683,9.960853259,10.03640683,10.11196041,10.02482986,10.00865507,9.992480278,10.31796026,10.64344025,10.90015984,11.59587955,11.82354164,12.05120373,12.27886581,12.5065279,12.73418999,12.76319504,12.79220009,12.94618222,13.10201787,13.25972934,13.41933922,13.58087035,13.74434586,13.74434586,13.74434586
SYC,Seychelles,Africa,Southern Hemisphere,High,SSA,72,11.45063391,11.53717995,11.62438011,11.75706959,11.99201965,11.87429047,11.93842983,11.95779514,11.97716045,12.3228302,12.23814964,11.7389698,12.10793018,12.2996397,12.10647011,13.06902027,11.68035984,13.2150898,13.30142021,13.31093025,13.37236023,11.83082962,13.53345013,13.38127041,14.26441002,14.19937992,14.10877991,13.89396954,14.14966011,14.19274998,13.94161034,13.94161034
SYR,Syrian Arab Republic,Asia,Northern Hemisphere,Medium,AS,150,10.26681042,10.28670979,10.12106037,10.01791,9.878669739,9.664310455,9.743434634,9.822558812,9.90168299,9.980807168,10.05993135,10.13905552,10.2181797,10.58946991,10.95310974,11.36404037,11.42673969,11.50831985,11.57866955,11.51060963,11.73244953,12.10453033,12.91643047,9.164219856,9.164219856,9.164219856,9.164219856,9.164219856,9.164219856,9.164219856,9.164219856,9.164219856
TCD,Chad,Africa,Northern Hemisphere,Low,SSA,190,2.415178514,2.586861517,2.770748609,2.967707318,3.17866684,3.404622423,3.646640062,3.976520061,4.477240086,4.661309958,4.845379829,5.128560066,5.408710003,5.549650192,5.626329899,5.462709904,5.717326641,5.971943378,6.226560116,6.628439903,6.616559982,7.250840187,7.460413456,7.669986725,7.879559994,7.349349976,7.51528615,7.684968888,7.858482783,8.035914334,8.035914334,8.035914334
TGO,Togo,Africa,Northern Hemisphere,Low,SSA,162,7.492650032,7.865890026,7.330359936,7.36823988,7.406119823,8.256549835,8.700130463,8.917267799,9.134405136,9.351542473,9.56867981,9.9103899,10.05145502,10.19252014,10.30912018,10.38064003,10.79185009,10.2396698,10.68993974,11.14020967,11.59047961,12.04074955,12.15355968,12.26636982,12.37917995,12.49199009,12.60480022,12.71761036,12.83352383,12.95049378,12.95049378,12.95049378
THA,Thailand,Asia,Northern Hemisphere,Very High,EAP,66,8.434339523,8.6890529,8.943766276,9.198479652,9.39669466,9.594909668,9.777119637,10.12629986,10.61707973,10.92442989,11.23178005,11.53913021,11.79646969,12.0318799,12.26729012,12.71640015,12.79994011,13.28761005,13.23031044,13.28015995,13.27869987,13.51762009,13.30148983,13.16110992,15.71035004,15.56759501,15.42483997,15.57729969,15.72975941,15.88221913,15.88221913,15.88221913
TJK,Tajikistan,Asia,Northern Hemisphere,Medium,ECA,122,11.98297944,11.8730402,11.76410961,10.94089985,10.23171997,10.21700954,10.06160712,9.9062047,9.750802279,9.595399857,9.710100174,9.838330269,10.08977032,10.50277042,10.56330013,10.74958992,10.91092968,10.89369965,11.1782999,11.19478989,11.21016979,11.18574047,11.30372047,11.39130974,11.43451898,11.47789213,11.5214298,11.56513261,11.60900119,11.65303618,11.65303618,11.65303618
TKM,Turkmenistan,Asia,Northern Hemisphere,High,ECA,91,,,,,,,,,,,,,,,,9.291110965,9.574964777,9.885909955,10.19685513,10.50780031,10.81874549,11.12969067,11.44063585,11.75158102,12.0625262,12.37347138,12.68441656,12.76720446,12.84999236,12.93278027,13.21039963,13.21039963
TLS,Timor-Leste,Asia,Southern Hemisphere,Medium,EAP,140,,,,,,,,,,,,,10.02422047,10.38859177,10.75296307,11.11733437,11.48170567,11.84607697,12.21044827,12.57481956,12.44688034,13.00276,12.9379,12.65309,12.51745,12.49089,12.39822,12.39822,12.39822,12.616098,12.616098,12.616098
TON,Tonga,Oceania,Southern Hemisphere,High,EAP,91,12.07151065,12.23987946,12.41059662,12.58369487,12.75920744,12.93716798,13.11761065,13.30057006,13.48608133,13.67418003,13.16876984,13.40598965,13.61392021,14.5261898,14.61574162,14.70529343,14.79484524,14.88439706,14.97394887,15.06350068,15.1530525,15.24260431,15.33215613,15.42170794,15.51125975,15.60081157,15.69036338,15.77991519,15.86946701,15.95901882,16.04857063,16.04857063
TTO,Trinidad and Tobago,America,Northern Hemisphere,Very High,LAC,57,11.11131308,11.05126953,10.99155045,11.01103973,11.12510612,11.2391725,11.35323889,11.46730527,11.58137165,11.69543804,11.80950442,11.92357081,12.03763719,12.15170357,12.26576996,12.38313146,12.5016159,12.69514154,12.88866718,13.08219282,13.27571846,13.46924409,13.59812069,13.72823041,13.85958505,13.99219652,14.12607684,14.26123815,14.39769272,14.53545292,14.53545292,14.53545292
TUN,Tunisia,Africa,Northern Hemisphere,High,AS,97,10.47406006,10.56616974,10.65849972,10.86925983,11.3098402,11.54496002,11.74763012,11.77896023,12.33230972,12.74440002,13.02898979,13.29302979,13.43704987,13.54868031,13.89883041,14.16895962,14.25150013,14.32666016,14.41417027,14.39165974,14.49536037,14.64006996,14.7186451,14.79722023,14.76702023,14.8910799,15.12561035,15.22488136,15.3248039,15.42538224,15.42538224,15.42538224
TUR,Turkey,Asia,Northern Hemisphere,Very High,ECA,48,9.055789948,9.188130379,9.308939934,9.463040352,9.586339951,9.732910156,9.820175171,9.907440186,10.34612989,10.7848196,11.19116497,11.59751034,11.99232006,12.11820984,12.01014996,11.9279604,12.32229996,12.55862045,12.48814964,12.97735977,13.8267498,14.3332901,14.4203701,16.45841026,16.92144012,17.32136917,17.69868088,17.98140907,18.15805054,18.3382206,18.3382206,18.3382206
TUV,Tuvalu,Oceania,Southern Hemisphere,Medium,EAP,130,10.15764046,10.11438668,10.0711329,10.02787912,9.98462534,9.94137156,9.898117781,9.854864001,9.811610222,10.16412671,10.51664321,10.8691597,10.88541895,10.90167821,10.91793746,10.93419671,10.95045597,10.96671522,10.98297448,10.99923373,11.01549298,11.03175224,11.04801149,11.06427075,11.08053,11.55312,10.11333,9.95048,9.78763,9.64264,9.40443,9.40443
TZA,Tanzania,Africa,Southern Hemisphere,Low,SSA,160,5.693888074,5.644489765,5.59552002,5.628250122,5.541329861,5.498129845,5.43682003,5.479010105,5.772403937,6.065797769,6.359191601,6.652585433,6.945979265,7.239373097,7.532766929,7.826160761,8.119554593,8.412948425,8.706342257,8.999736089,9.293129921,9.140239906,8.987349892,8.834459877,8.681569862,8.528679848,8.313139915,8.097599983,8.479839802,8.86207962,9.221489906,9.221489906
UGA,Uganda,Africa,Northern Hemisphere,Low,SSA,166,5.721580029,5.697579861,5.163599968,5.477469921,5.519720078,5.581089973,6.169204394,6.757318815,7.345433235,7.933547656,8.521662076,9.109776497,9.697890917,10.28600534,10.87411976,10.84825063,10.8223815,10.8969367,10.97149191,11.04604712,11.12060232,11.19515753,11.06210535,10.92905317,10.796001,10.66294882,10.52989664,10.40166585,10.27499662,10.14986994,10.14986994,10.14986994
UKR,Ukraine,Europe,Northern Hemisphere,High,ECA,77,12.37267971,12.37812042,12.14836979,11.95456028,11.8551302,12.09792213,12.34071407,12.58350601,12.82629795,13.06908989,12.99386024,13.73404026,14.11824989,14.41971016,14.35112,14.55998993,14.67827988,14.75677967,14.78808975,14.77225018,14.76490021,14.79920006,14.88187981,14.82952976,14.86394978,14.88242753,14.90092826,14.91945198,14.93799873,14.95656854,14.95656854,14.95656854
URY,Uruguay,America,Southern Hemisphere,Very High,LAC,58,12.88957024,12.99347973,12.80471992,12.89607739,12.98743486,13.07879233,13.1701498,13.5117898,13.85342979,13.88834953,14.20868969,14.68225002,15.08796024,15.5248003,15.53059959,15.21078014,15.32322979,14.9503603,14.71558952,15.06327963,15.41096973,15.68239657,15.95382341,16.22525024,16.32092094,16.34380913,16.63433075,16.83563995,16.72912025,16.83259964,16.83259964,16.83259964
USA,United States,America,Northern Hemisphere,Very High,,21,15.41786003,15.4780302,15.7397151,16.00139999,16.02688026,16.01859093,15.96275043,15.96238518,15.96201992,15.38418961,15.4471364,15.5100832,15.57302999,15.63597679,15.69892359,15.76187038,15.81015909,15.85844779,15.90673649,15.9550252,16.0033139,16.0516026,16.0998913,16.14818001,16.14966011,16.1919899,16.27448082,16.31038094,16.28334999,16.28097916,16.28097916,16.28097916
UZB,Uzbekistan,Asia,Northern Hemisphere,High,ECA,101,11.31336975,11.18865967,10.85834026,10.83678314,10.81522601,10.79366888,10.77211176,10.75055463,10.7289975,10.70744038,10.80943012,11.01488018,11.22033024,11.4257803,11.43179989,11.49676037,11.44670963,11.51074028,11.35791969,11.42271042,11.46634007,11.48429966,11.6434803,11.66324043,11.7082901,11.75932026,11.89163971,12.05881977,12.25255966,12.47714043,12.47714043,12.47714043
VCT,Saint Vincent and the Grenadines,America,Northern Hemisphere,High,LAC,89,11.70584267,11.80901289,11.91309241,12.01808923,12.12401146,12.23086723,12.33866479,12.44741242,12.55711852,12.66779151,12.77943993,12.92613029,12.95664024,13.23293972,13.2448101,13.35086012,13.45691013,13.56296015,13.66901016,13.77506018,13.88111019,13.98716021,14.09321022,14.19926023,14.30531025,14.31507015,14.40353068,14.49253785,14.58209505,14.67220567,14.67220567,14.67220567
VEN,Venezuela,America,Northern Hemisphere,Medium,LAC,120,10.48841953,10.76323986,10.90396976,10.86452985,10.82508993,10.78565001,10.7462101,10.70677018,10.66733027,10.62789035,10.58845043,11.18996525,11.79148006,11.80910969,12.02495956,12.58308721,13.14121485,13.69934249,14.25747013,14.31676006,13.63707,13.67912,13.801,14.21682,14.12521,13.97333,13.59578,12.81608,12.81608,12.81608,12.81608,12.81608
VNM,Viet Nam,Asia,Northern Hemisphere,High,EAP,115,7.841859818,8.153502345,8.465144873,8.7767874,9.088429928,9.400072455,9.711714983,10.02335751,10.33500004,10.6785155,11.02203096,11.36554641,11.70906187,11.85510082,12.00113977,12.14717871,12.29321766,12.34145088,12.3896841,12.43791733,12.48615055,12.53438377,12.58703009,12.63967641,12.69232273,12.74382502,12.79553629,12.84745739,12.89958918,12.9519325,12.9519325,12.9519325
VUT,Vanuatu,Oceania,Southern Hemisphere,Medium,EAP,140,,,,,,,,,,9.639610291,10.08658028,10.19987011,10.35857964,10.67967987,10.60295963,10.66470058,10.72644152,10.78818246,10.8499234,10.91166435,10.97340529,11.03514623,11.09688717,11.15862812,11.22036906,11.28211,11.34488537,11.40801004,11.47148594,11.53531503,11.53531503,11.53531503
WSM,Samoa,Oceania,Southern Hemisphere,High,EAP,111,11.9216,11.9328,11.944,11.9551,11.9663,11.9775,11.9888,12,12.01123047,12.12755013,12.00415039,12.02488585,12.0456213,12.06635675,12.08709221,12.10782766,12.12856312,12.14929857,12.17003403,12.19076948,12.21150494,12.23224039,12.25297585,12.2737113,12.29444675,12.31518221,12.33591766,12.35665312,12.37738857,12.39812403,12.41885948,12.41885948
YEM,Yemen,Asia,Northern Hemisphere,Low,AS,183,6.45082695,6.593797129,6.739935968,6.889313694,7.042002089,7.19807453,7.357606016,7.520673211,7.687354476,7.857729912,8.042289972,8.226850033,8.411410093,8.595970154,8.76791954,8.804679871,8.721573194,8.638466517,8.55535984,8.633919716,8.712479591,9.09871006,9.09871006,9.09871006,9.09871006,9.09871006,9.09871006,9.09871006,9.09871006,9.09871006,9.09871006,9.09871006
ZAF,South Africa,Africa,Southern Hemisphere,High,SSA,109,11.4115696,12.00823975,12.30349636,12.59875298,12.89400959,12.92754518,12.96108076,12.99461635,13.02815194,13.06168752,13.09522311,13.1287587,13.16229428,13.19582987,13.22936545,13.26290104,13.29643663,13.32997221,13.3635078,13.39704339,13.43057897,13.46411456,13.49765015,13.74878025,13.99991035,14.00878525,14.01766014,13.79119968,13.53530979,13.64371014,13.64371014,13.64371014
ZMB,Zambia,Africa,Southern Hemisphere,Medium,SSA,154,7.529059887,7.611791849,7.694523811,7.777255774,7.859987736,7.942719698,8.02545166,8.142362595,8.259273529,8.376184464,8.493095398,8.610006332,8.726917267,9.166338813,9.60576036,10.04518191,10.48460345,10.924025,10.92441957,10.92481414,10.92520871,10.92560329,10.92599786,10.92639243,10.926787,10.92718161,10.92757624,10.92797089,10.92836554,10.92876021,10.92876021,10.92876021
ZWE,Zimbabwe,Africa,Southern Hemisphere,Medium,SSA,146,9.767649651,10.32256985,9.997790337,10.03462315,10.07145596,10.10828876,10.14512157,10.18195438,10.21878719,10.25562,10.31171989,10.70343018,10.22305012,9.909279823,10.08054203,10.25180425,10.42306646,10.59432867,10.76559088,10.93685309,11.1081153,11.27937751,11.45063972,11.35614014,11.47859593,11.6023722,11.72748318,11.85394325,11.98176697,12.11096904,12.11096904,12.11096904
